ZipCode;City_ID;City_score;State_ID;url
99867;19;2,264;16;https://www.immowelt.de/classified-search?distributionTypes=Buy,Buy_Auction,Compulsory_Auction&estateTypes=House,Apartment&locations=AD08DE10759
99734;36;2,951;16;https://www.immowelt.de/classified-search?distributionTypes=Buy,Buy_Auction,Compulsory_Auction&estateTypes=House,Apartment&locations=AD08DE10535
99428;54;3,029;16;https://www.immowelt.de/classified-search?distributionTypes=Buy,Buy_Auction,Compulsory_Auction&estateTypes=House,Apartment&locations=AD08DE10453
99099;65;9;16;https://www.immowelt.de/classified-search?distributionTypes=Buy,Buy_Auction,Compulsory_Auction&estateTypes=House,Apartment&locations=AD08DE10449
98711;71;4;16;https://www.immowelt.de/classified-search?distributionTypes=Buy,Buy_Auction,Compulsory_Auction&estateTypes=House,Apartment&locations=AD08DE10911
98529;71;4;16;https://www.immowelt.de/classified-search?distributionTypes=Buy,Buy_Auction,Compulsory_Auction&estateTypes=House,Apartment&locations=AD08DE10452
97424;235;4,324;9;https://www.immowelt.de/classified-search?distributionTypes=Buy,Buy_Auction,Compulsory_Auction&estateTypes=House,Apartment&locations=AD08DE7872
96450;316;4,479;9;https://www.immowelt.de/classified-search?distributionTypes=Buy,Buy_Auction,Compulsory_Auction&estateTypes=House,Apartment&locations=AD08DE7374
96052;397;2,807;9;https://www.immowelt.de/classified-search?distributionTypes=Buy,Buy_Auction,Compulsory_Auction&estateTypes=House,Apartment&locations=AD08DE7372
95448;447;6,012;9;https://www.immowelt.de/classified-search?distributionTypes=Buy,Buy_Auction,Compulsory_Auction&estateTypes=House,Apartment&locations=AD08DE7373
95032;490;2,961;9;https://www.immowelt.de/classified-search?distributionTypes=Buy,Buy_Auction,Compulsory_Auction&estateTypes=House,Apartment&locations=AD08DE7375
94315;572;4;9;https://www.immowelt.de/classified-search?distributionTypes=Buy,Buy_Auction,Compulsory_Auction&estateTypes=House,Apartment&locations=AD08DE6865
94036;628;7,5;9;https://www.immowelt.de/classified-search?distributionTypes=Buy,Buy_Auction,Compulsory_Auction&estateTypes=House,Apartment&locations=AD08DE6864
93489;635;6;9;https://www.immowelt.de/classified-search?distributionTypes=Buy,Buy_Auction,Compulsory_Auction&estateTypes=House,Apartment&locations=AD08DE7187
93059;719;9;9;https://www.immowelt.de/classified-search?distributionTypes=Buy,Buy_Auction,Compulsory_Auction&estateTypes=House,Apartment&locations=AD08DE7137
92224;814;7,4;9;https://www.immowelt.de/classified-search?distributionTypes=Buy,Buy_Auction,Compulsory_Auction&estateTypes=House,Apartment&locations=AD08DE7136
91474;910;8,5;9;https://www.immowelt.de/classified-search?distributionTypes=Buy,Buy_Auction,Compulsory_Auction&estateTypes=House,Apartment&locations=AD08DE7792
91058;996;8,8;9;https://www.immowelt.de/classified-search?distributionTypes=Buy,Buy_Auction,Compulsory_Auction&estateTypes=House,Apartment&locations=AD08DE7631
89522;1050;6,185;8;https://www.immowelt.de/classified-search?distributionTypes=Buy,Buy_Auction,Compulsory_Auction&estateTypes=House,Apartment&locations=AD08DE5538
89233;1104;2,942;9;https://www.immowelt.de/classified-search?distributionTypes=Buy,Buy_Auction,Compulsory_Auction&estateTypes=House,Apartment&locations=AD08DE8372
89081;1132;4,887;9;https://www.immowelt.de/classified-search?distributionTypes=Buy,Buy_Auction,Compulsory_Auction&estateTypes=House,Apartment&locations=AD08DE6156
88214;1219;5,415;8;https://www.immowelt.de/classified-search?distributionTypes=Buy,Buy_Auction,Compulsory_Auction&estateTypes=House,Apartment&locations=AD08DE6308
88048;1239;3,538;8;https://www.immowelt.de/classified-search?distributionTypes=Buy,Buy_Auction,Compulsory_Auction&estateTypes=House,Apartment&locations=AD08DE6261
87700;1280;3,528;9;https://www.immowelt.de/classified-search?distributionTypes=Buy,Buy_Auction,Compulsory_Auction&estateTypes=House,Apartment&locations=AD08DE8234
87600;1306;3,984;9;https://www.immowelt.de/classified-search?distributionTypes=Buy,Buy_Auction,Compulsory_Auction&estateTypes=House,Apartment&locations=AD08DE8232
86854;814;7,4;9;https://www.immowelt.de/classified-search?distributionTypes=Buy,Buy_Auction,Compulsory_Auction&estateTypes=House,Apartment&locations=AD08DE8486
86697;1414;3,485;9;https://www.immowelt.de/classified-search?distributionTypes=Buy,Buy_Auction,Compulsory_Auction&estateTypes=House,Apartment&locations=AD08DE6698
86673;1428;2,629;9;https://www.immowelt.de/classified-search?distributionTypes=Buy,Buy_Auction,Compulsory_Auction&estateTypes=House,Apartment&locations=AD08DE6703
86655;1436;2,383;9;https://www.immowelt.de/classified-search?distributionTypes=Buy,Buy_Auction,Compulsory_Auction&estateTypes=House,Apartment&locations=AD08DE8510
86199;1513;2,579;9;https://www.immowelt.de/classified-search?distributionTypes=Buy,Buy_Auction,Compulsory_Auction&estateTypes=House,Apartment&locations=AD08DE8231
85356;1585;4,861;9;https://www.immowelt.de/classified-search?distributionTypes=Buy,Buy_Auction,Compulsory_Auction&estateTypes=House,Apartment&locations=AD08DE6513
85221;1610;5,001;9;https://www.immowelt.de/classified-search?distributionTypes=Buy,Buy_Auction,Compulsory_Auction&estateTypes=House,Apartment&locations=AD08DE6413
85057;1639;2,434;9;https://www.immowelt.de/classified-search?distributionTypes=Buy,Buy_Auction,Compulsory_Auction&estateTypes=House,Apartment&locations=AD08DE6344
84095;1737;2,957;9;https://www.immowelt.de/classified-search?distributionTypes=Buy,Buy_Auction,Compulsory_Auction&estateTypes=House,Apartment&locations=AD08DE6976
84036;1753;2,879;9;https://www.immowelt.de/classified-search?distributionTypes=Buy,Buy_Auction,Compulsory_Auction&estateTypes=House,Apartment&locations=AD08DE6863
83026;1879;3,766;9;https://www.immowelt.de/classified-search?distributionTypes=Buy,Buy_Auction,Compulsory_Auction&estateTypes=House,Apartment&locations=AD08DE6346
82110;1963;2,573;9;https://www.immowelt.de/classified-search?distributionTypes=Buy,Buy_Auction,Compulsory_Auction&estateTypes=House,Apartment&locations=AD08DE6538
78532;2150;5,571;8;https://www.immowelt.de/classified-search?distributionTypes=Buy,Buy_Auction,Compulsory_Auction&estateTypes=House,Apartment&locations=AD08DE5992
78467;2153;3,113;8;https://www.immowelt.de/classified-search?distributionTypes=Buy,Buy_Auction,Compulsory_Auction&estateTypes=House,Apartment&locations=AD08DE6010
78224;2174;3,022;8;https://www.immowelt.de/classified-search?distributionTypes=Buy,Buy_Auction,Compulsory_Auction&estateTypes=House,Apartment&locations=AD08DE6012
78056;2195;4,564;8;https://www.immowelt.de/classified-search?distributionTypes=Buy,Buy_Auction,Compulsory_Auction&estateTypes=House,Apartment&locations=AD08DE5960
77694;2244;3,674;8;https://www.immowelt.de/classified-search?distributionTypes=Buy,Buy_Auction,Compulsory_Auction&estateTypes=House,Apartment&locations=AD08DE5872
77656;2245;3,264;8;https://www.immowelt.de/classified-search?distributionTypes=Buy,Buy_Auction,Compulsory_Auction&estateTypes=House,Apartment&locations=AD08DE5907
76829;2261;2,411;7;https://www.immowelt.de/classified-search?distributionTypes=Buy,Buy_Auction,Compulsory_Auction&estateTypes=House,Apartment&locations=AD08DE5056
76646;2286;3,336;8;https://www.immowelt.de/classified-search?distributionTypes=Buy,Buy_Auction,Compulsory_Auction&estateTypes=House,Apartment&locations=AD08DE5606
76534;2294;2,653;8;https://www.immowelt.de/classified-search?distributionTypes=Buy,Buy_Auction,Compulsory_Auction&estateTypes=House,Apartment&locations=AD08DE5584
76437;2305;2,567;8;https://www.immowelt.de/classified-search?distributionTypes=Buy,Buy_Auction,Compulsory_Auction&estateTypes=House,Apartment&locations=AD08DE5635
76275;2316;2,845;8;https://www.immowelt.de/classified-search?distributionTypes=Buy,Buy_Auction,Compulsory_Auction&estateTypes=House,Apartment&locations=AD08DE5586
76229;2317;4,59;8;https://www.immowelt.de/classified-search?distributionTypes=Buy,Buy_Auction,Compulsory_Auction&estateTypes=House,Apartment&locations=AD08DE5585
75181;2357;2,362;8;https://www.immowelt.de/classified-search?distributionTypes=Buy,Buy_Auction,Compulsory_Auction&estateTypes=House,Apartment&locations=AD08DE5724
74889;2384;3,783;8;https://www.immowelt.de/classified-search?distributionTypes=Buy,Buy_Auction,Compulsory_Auction&estateTypes=House,Apartment&locations=AD08DE5713
74867;2385;3,712;8;https://www.immowelt.de/classified-search?distributionTypes=Buy,Buy_Auction,Compulsory_Auction&estateTypes=House,Apartment&locations=AD08DE5651
74321;2472;2,892;8;https://www.immowelt.de/classified-search?distributionTypes=Buy,Buy_Auction,Compulsory_Auction&estateTypes=House,Apartment&locations=AD08DE5371
74081;2502;2,252;8;https://www.immowelt.de/classified-search?distributionTypes=Buy,Buy_Auction,Compulsory_Auction&estateTypes=House,Apartment&locations=AD08DE5420
73614;635;6;8;https://www.immowelt.de/classified-search?distributionTypes=Buy,Buy_Auction,Compulsory_Auction&estateTypes=House,Apartment&locations=AD08DE5410
73434;2554;3,417;8;https://www.immowelt.de/classified-search?distributionTypes=Buy,Buy_Auction,Compulsory_Auction&estateTypes=House,Apartment&locations=AD08DE5549
73230;2581;2,989;8;https://www.immowelt.de/classified-search?distributionTypes=Buy,Buy_Auction,Compulsory_Auction&estateTypes=House,Apartment&locations=AD08DE5278
72770;2616;3,204;8;https://www.immowelt.de/classified-search?distributionTypes=Buy,Buy_Auction,Compulsory_Auction&estateTypes=House,Apartment&locations=AD08DE6092
72461;2659;3,694;8;https://www.immowelt.de/classified-search?distributionTypes=Buy,Buy_Auction,Compulsory_Auction&estateTypes=House,Apartment&locations=AD08DE6135
72336;2680;3,952;8;https://www.immowelt.de/classified-search?distributionTypes=Buy,Buy_Auction,Compulsory_Auction&estateTypes=House,Apartment&locations=AD08DE6136
71642;2736;2,509;8;https://www.immowelt.de/classified-search?distributionTypes=Buy,Buy_Auction,Compulsory_Auction&estateTypes=House,Apartment&locations=AD08DE5355
71522;2750;2,76;8;https://www.immowelt.de/classified-search?distributionTypes=Buy,Buy_Auction,Compulsory_Auction&estateTypes=House,Apartment&locations=AD08DE5402
71336;2756;2,408;8;https://www.immowelt.de/classified-search?distributionTypes=Buy,Buy_Auction,Compulsory_Auction&estateTypes=House,Apartment&locations=AD08DE5394
71229;2767;3,587;8;https://www.immowelt.de/classified-search?distributionTypes=Buy,Buy_Auction,Compulsory_Auction&estateTypes=House,Apartment&locations=AD08DE5243
71069;2784;2,704;8;https://www.immowelt.de/classified-search?distributionTypes=Buy,Buy_Auction,Compulsory_Auction&estateTypes=House,Apartment&locations=AD08DE5248
70794;2789;2,516;8;https://www.immowelt.de/classified-search?distributionTypes=Buy,Buy_Auction,Compulsory_Auction&estateTypes=House,Apartment&locations=AD08DE5273
70771;2790;3,642;8;https://www.immowelt.de/classified-search?distributionTypes=Buy,Buy_Auction,Compulsory_Auction&estateTypes=House,Apartment&locations=AD08DE5274
70736;2791;4,281;8;https://www.immowelt.de/classified-search?distributionTypes=Buy,Buy_Auction,Compulsory_Auction&estateTypes=House,Apartment&locations=AD08DE5390
70619;2793;4,261;8;https://www.immowelt.de/classified-search?distributionTypes=Buy,Buy_Auction,Compulsory_Auction&estateTypes=House,Apartment&locations=AD08DE5241
69469;2802;2,386;8;https://www.immowelt.de/classified-search?distributionTypes=Buy,Buy_Auction,Compulsory_Auction&estateTypes=House,Apartment&locations=AD08DE5685
69126;2826;2,926;8;https://www.immowelt.de/classified-search?distributionTypes=Buy,Buy_Auction,Compulsory_Auction&estateTypes=House,Apartment&locations=AD08DE5641
68309;2846;6,11;8;https://www.immowelt.de/classified-search?distributionTypes=Buy,Buy_Auction,Compulsory_Auction&estateTypes=House,Apartment&locations=AD08DE5642
67663;2905;3,074;7;https://www.immowelt.de/classified-search?distributionTypes=Buy,Buy_Auction,Compulsory_Auction&estateTypes=House,Apartment&locations=AD08DE4605
67580;2918;3,634;7;https://www.immowelt.de/classified-search?distributionTypes=Buy,Buy_Auction,Compulsory_Auction&estateTypes=House,Apartment&locations=AD08DE4642
67551;2923;2,149;7;https://www.immowelt.de/classified-search?distributionTypes=Buy,Buy_Auction,Compulsory_Auction&estateTypes=House,Apartment&locations=AD08DE4612
67346;2950;4,374;7;https://www.immowelt.de/classified-search?distributionTypes=Buy,Buy_Auction,Compulsory_Auction&estateTypes=House,Apartment&locations=AD08DE4611
67071;3004;3,053;7;https://www.immowelt.de/classified-search?distributionTypes=Buy,Buy_Auction,Compulsory_Auction&estateTypes=House,Apartment&locations=AD08DE4607
66955;3015;2,173;7;https://www.immowelt.de/classified-search?distributionTypes=Buy,Buy_Auction,Compulsory_Auction&estateTypes=House,Apartment&locations=AD08DE4610
66740;3046;2,259;10;https://www.immowelt.de/classified-search?distributionTypes=Buy,Buy_Auction,Compulsory_Auction&estateTypes=House,Apartment&locations=AD08DE8610
66540;2385;3,712;10;https://www.immowelt.de/classified-search?distributionTypes=Buy,Buy_Auction,Compulsory_Auction&estateTypes=House,Apartment&locations=AD08DE8602
66424;3081;2,299;10;https://www.immowelt.de/classified-search?distributionTypes=Buy,Buy_Auction,Compulsory_Auction&estateTypes=House,Apartment&locations=AD08DE8622
66386;3083;2,717;10;https://www.immowelt.de/classified-search?distributionTypes=Buy,Buy_Auction,Compulsory_Auction&estateTypes=House,Apartment&locations=AD08DE8625
65936;3095;4,109;6;https://www.immowelt.de/classified-search?distributionTypes=Buy,Buy_Auction,Compulsory_Auction&estateTypes=House,Apartment&locations=AD08DE2509
65719;3105;3,43;6;https://www.immowelt.de/classified-search?distributionTypes=Buy,Buy_Auction,Compulsory_Auction&estateTypes=House,Apartment&locations=AD08DE2621
65205;3146;2,93;6;https://www.immowelt.de/classified-search?distributionTypes=Buy,Buy_Auction,Compulsory_Auction&estateTypes=House,Apartment&locations=AD08DE2511
64625;3169;2,293;6;https://www.immowelt.de/classified-search?distributionTypes=Buy,Buy_Auction,Compulsory_Auction&estateTypes=House,Apartment&locations=AD08DE2513
64297;3194;2,271;6;https://www.immowelt.de/classified-search?distributionTypes=Buy,Buy_Auction,Compulsory_Auction&estateTypes=House,Apartment&locations=AD08DE2508
63930;2385;3,712;9;https://www.immowelt.de/classified-search?distributionTypes=Buy,Buy_Auction,Compulsory_Auction&estateTypes=House,Apartment&locations=AD08DE8078
63743;3246;3,605;9;https://www.immowelt.de/classified-search?distributionTypes=Buy,Buy_Auction,Compulsory_Auction&estateTypes=House,Apartment&locations=AD08DE7871
63477;3279;2,92;6;https://www.immowelt.de/classified-search?distributionTypes=Buy,Buy_Auction,Compulsory_Auction&estateTypes=House,Apartment&locations=AD08DE2603
63303;3283;1,654;6;https://www.immowelt.de/classified-search?distributionTypes=Buy,Buy_Auction,Compulsory_Auction&estateTypes=House,Apartment&locations=AD08DE2640
63225;3285;3,587;6;https://www.immowelt.de/classified-search?distributionTypes=Buy,Buy_Auction,Compulsory_Auction&estateTypes=House,Apartment&locations=AD08DE2644
63110;3290;1,984;6;https://www.immowelt.de/classified-search?distributionTypes=Buy,Buy_Auction,Compulsory_Auction&estateTypes=House,Apartment&locations=AD08DE2649
59823;3330;3,269;5;https://www.immowelt.de/classified-search?distributionTypes=Buy,Buy_Auction,Compulsory_Auction&estateTypes=House,Apartment&locations=AD08DE2439
59558;3336;4,944;5;https://www.immowelt.de/classified-search?distributionTypes=Buy,Buy_Auction,Compulsory_Auction&estateTypes=House,Apartment&locations=AD08DE2490
59494;3341;4,155;5;https://www.immowelt.de/classified-search?distributionTypes=Buy,Buy_Auction,Compulsory_Auction&estateTypes=House,Apartment&locations=AD08DE2493
59427;3345;3,574;5;https://www.immowelt.de/classified-search?distributionTypes=Buy,Buy_Auction,Compulsory_Auction&estateTypes=House,Apartment&locations=AD08DE2506
59269;3355;2,526;5;https://www.immowelt.de/classified-search?distributionTypes=Buy,Buy_Auction,Compulsory_Auction&estateTypes=House,Apartment&locations=AD08DE2343
59229;3356;2,253;5;https://www.immowelt.de/classified-search?distributionTypes=Buy,Buy_Auction,Compulsory_Auction&estateTypes=House,Apartment&locations=AD08DE2342
59192;3358;4,029;5;https://www.immowelt.de/classified-search?distributionTypes=Buy,Buy_Auction,Compulsory_Auction&estateTypes=House,Apartment&locations=AD08DE2498
59174;3359;2,373;5;https://www.immowelt.de/classified-search?distributionTypes=Buy,Buy_Auction,Compulsory_Auction&estateTypes=House,Apartment&locations=AD08DE2502
59077;2918;3,634;5;https://www.immowelt.de/classified-search?distributionTypes=Buy,Buy_Auction,Compulsory_Auction&estateTypes=House,Apartment&locations=AD08DE2428
58710;3369;1,99;5;https://www.immowelt.de/classified-search?distributionTypes=Buy,Buy_Auction,Compulsory_Auction&estateTypes=House,Apartment&locations=AD08DE2460
58675;3370;3,076;5;https://www.immowelt.de/classified-search?distributionTypes=Buy,Buy_Auction,Compulsory_Auction&estateTypes=House,Apartment&locations=AD08DE2454
58644;3371;3,638;5;https://www.immowelt.de/classified-search?distributionTypes=Buy,Buy_Auction,Compulsory_Auction&estateTypes=House,Apartment&locations=AD08DE2456
58456;3377;3,73;5;https://www.immowelt.de/classified-search?distributionTypes=Buy,Buy_Auction,Compulsory_Auction&estateTypes=House,Apartment&locations=AD08DE2438
58239;3383;2,924;5;https://www.immowelt.de/classified-search?distributionTypes=Buy,Buy_Auction,Compulsory_Auction&estateTypes=House,Apartment&locations=AD08DE2504
58135;3384;3,069;5;https://www.immowelt.de/classified-search?distributionTypes=Buy,Buy_Auction,Compulsory_Auction&estateTypes=House,Apartment&locations=AD08DE2427
57290;2385;3,712;5;https://www.immowelt.de/classified-search?distributionTypes=Buy,Buy_Auction,Compulsory_Auction&estateTypes=House,Apartment&locations=AD08DE2481
57080;3435;2,432;5;https://www.immowelt.de/classified-search?distributionTypes=Buy,Buy_Auction,Compulsory_Auction&estateTypes=House,Apartment&locations=AD08DE2482
56567;3491;2,697;7;https://www.immowelt.de/classified-search?distributionTypes=Buy,Buy_Auction,Compulsory_Auction&estateTypes=House,Apartment&locations=AD08DE3520
56077;3561;2,987;7;https://www.immowelt.de/classified-search?distributionTypes=Buy,Buy_Auction,Compulsory_Auction&estateTypes=House,Apartment&locations=AD08DE2936
55583;3588;2,743;7;https://www.immowelt.de/classified-search?distributionTypes=Buy,Buy_Auction,Compulsory_Auction&estateTypes=House,Apartment&locations=AD08DE3130
55131;3644;2,936;7;https://www.immowelt.de/classified-search?distributionTypes=Buy,Buy_Auction,Compulsory_Auction&estateTypes=House,Apartment&locations=AD08DE4608
54295;3745;4,675;7;https://www.immowelt.de/classified-search?distributionTypes=Buy,Buy_Auction,Compulsory_Auction&estateTypes=House,Apartment&locations=AD08DE4048
53881;3757;3,658;5;https://www.immowelt.de/classified-search?distributionTypes=Buy,Buy_Auction,Compulsory_Auction&estateTypes=House,Apartment&locations=AD08DE2219
53859;3758;5,011;5;https://www.immowelt.de/classified-search?distributionTypes=Buy,Buy_Auction,Compulsory_Auction&estateTypes=House,Apartment&locations=AD08DE2268
53844;3759;3,634;5;https://www.immowelt.de/classified-search?distributionTypes=Buy,Buy_Auction,Compulsory_Auction&estateTypes=House,Apartment&locations=AD08DE2274
53757;3763;3,737;5;https://www.immowelt.de/classified-search?distributionTypes=Buy,Buy_Auction,Compulsory_Auction&estateTypes=House,Apartment&locations=AD08DE2271
53721;3764;5,623;5;https://www.immowelt.de/classified-search?distributionTypes=Buy,Buy_Auction,Compulsory_Auction&estateTypes=House,Apartment&locations=AD08DE2272
53332;3796;4,118;5;https://www.immowelt.de/classified-search?distributionTypes=Buy,Buy_Auction,Compulsory_Auction&estateTypes=House,Apartment&locations=AD08DE2260
53229;3797;2,9;5;https://www.immowelt.de/classified-search?distributionTypes=Buy,Buy_Auction,Compulsory_Auction&estateTypes=House,Apartment&locations=AD08DE2178
52477;3803;2,815;5;https://www.immowelt.de/classified-search?distributionTypes=Buy,Buy_Auction,Compulsory_Auction&estateTypes=House,Apartment&locations=AD08DE2182
52249;3818;2,67;5;https://www.immowelt.de/classified-search?distributionTypes=Buy,Buy_Auction,Compulsory_Auction&estateTypes=House,Apartment&locations=AD08DE2184
52224;3819;2,885;5;https://www.immowelt.de/classified-search?distributionTypes=Buy,Buy_Auction,Compulsory_Auction&estateTypes=House,Apartment&locations=AD08DE2189
52134;3825;3,591;5;https://www.immowelt.de/classified-search?distributionTypes=Buy,Buy_Auction,Compulsory_Auction&estateTypes=House,Apartment&locations=AD08DE2185
52080;3826;4,341;5;https://www.immowelt.de/classified-search?distributionTypes=Buy,Buy_Auction,Compulsory_Auction&estateTypes=House,Apartment&locations=AD08DE2181
51647;3831;2,772;5;https://www.immowelt.de/classified-search?distributionTypes=Buy,Buy_Auction,Compulsory_Auction&estateTypes=House,Apartment&locations=AD08DE2239
51469;3839;5,188;5;https://www.immowelt.de/classified-search?distributionTypes=Buy,Buy_Auction,Compulsory_Auction&estateTypes=House,Apartment&locations=AD08DE2250
51381;3841;4,673;5;https://www.immowelt.de/classified-search?distributionTypes=Buy,Buy_Auction,Compulsory_Auction&estateTypes=House,Apartment&locations=AD08DE2180
50389;3843;2,771;5;https://www.immowelt.de/classified-search?distributionTypes=Buy,Buy_Auction,Compulsory_Auction&estateTypes=House,Apartment&locations=AD08DE2215
50374;3844;3,437;5;https://www.immowelt.de/classified-search?distributionTypes=Buy,Buy_Auction,Compulsory_Auction&estateTypes=House,Apartment&locations=AD08DE2210
50259;3846;3,155;5;https://www.immowelt.de/classified-search?distributionTypes=Buy,Buy_Auction,Compulsory_Auction&estateTypes=House,Apartment&locations=AD08DE2214
50226;3847;2,733;5;https://www.immowelt.de/classified-search?distributionTypes=Buy,Buy_Auction,Compulsory_Auction&estateTypes=House,Apartment&locations=AD08DE2211
50171;3850;3,272;5;https://www.immowelt.de/classified-search?distributionTypes=Buy,Buy_Auction,Compulsory_Auction&estateTypes=House,Apartment&locations=AD08DE2213
50129;1428;2,629;5;https://www.immowelt.de/classified-search?distributionTypes=Buy,Buy_Auction,Compulsory_Auction&estateTypes=House,Apartment&locations=AD08DE2207
49811;3861;2,856;3;https://www.immowelt.de/classified-search?distributionTypes=Buy,Buy_Auction,Compulsory_Auction&estateTypes=House,Apartment&locations=AD08DE1914
49716;3873;2,507;3;https://www.immowelt.de/classified-search?distributionTypes=Buy,Buy_Auction,Compulsory_Auction&estateTypes=House,Apartment&locations=AD08DE1915
49328;3922;4,188;3;https://www.immowelt.de/classified-search?distributionTypes=Buy,Buy_Auction,Compulsory_Auction&estateTypes=House,Apartment&locations=AD08DE2051
48683;3946;3,079;5;https://www.immowelt.de/classified-search?distributionTypes=Buy,Buy_Auction,Compulsory_Auction&estateTypes=House,Apartment&locations=AD08DE2280
48653;3947;2,413;5;https://www.immowelt.de/classified-search?distributionTypes=Buy,Buy_Auction,Compulsory_Auction&estateTypes=House,Apartment&locations=AD08DE2299
48599;3953;2,494;5;https://www.immowelt.de/classified-search?distributionTypes=Buy,Buy_Auction,Compulsory_Auction&estateTypes=House,Apartment&locations=AD08DE2284
48565;3954;2,818;5;https://www.immowelt.de/classified-search?distributionTypes=Buy,Buy_Auction,Compulsory_Auction&estateTypes=House,Apartment&locations=AD08DE2338
48531;3955;4,415;3;https://www.immowelt.de/classified-search?distributionTypes=Buy,Buy_Auction,Compulsory_Auction&estateTypes=House,Apartment&locations=AD08DE1979
48432;3964;2,609;5;https://www.immowelt.de/classified-search?distributionTypes=Buy,Buy_Auction,Compulsory_Auction&estateTypes=House,Apartment&locations=AD08DE2336
48282;3978;4,138;5;https://www.immowelt.de/classified-search?distributionTypes=Buy,Buy_Auction,Compulsory_Auction&estateTypes=House,Apartment&locations=AD08DE2319
48268;3979;2,835;5;https://www.immowelt.de/classified-search?distributionTypes=Buy,Buy_Auction,Compulsory_Auction&estateTypes=House,Apartment&locations=AD08DE2320
48231;3981;2,578;5;https://www.immowelt.de/classified-search?distributionTypes=Buy,Buy_Auction,Compulsory_Auction&estateTypes=House,Apartment&locations=AD08DE2354
47906;3984;2,862;5;https://www.immowelt.de/classified-search?distributionTypes=Buy,Buy_Auction,Compulsory_Auction&estateTypes=House,Apartment&locations=AD08DE2158
47877;3985;5,259;5;https://www.immowelt.de/classified-search?distributionTypes=Buy,Buy_Auction,Compulsory_Auction&estateTypes=House,Apartment&locations=AD08DE2164
47839;3986;2,96;5;https://www.immowelt.de/classified-search?distributionTypes=Buy,Buy_Auction,Compulsory_Auction&estateTypes=House,Apartment&locations=AD08DE2115
47608;3998;4,467;5;https://www.immowelt.de/classified-search?distributionTypes=Buy,Buy_Auction,Compulsory_Auction&estateTypes=House,Apartment&locations=AD08DE2124
47533;4004;3,718;5;https://www.immowelt.de/classified-search?distributionTypes=Buy,Buy_Auction,Compulsory_Auction&estateTypes=House,Apartment&locations=AD08DE2130
47475;4008;2,028;5;https://www.immowelt.de/classified-search?distributionTypes=Buy,Buy_Auction,Compulsory_Auction&estateTypes=House,Apartment&locations=AD08DE2169
47447;4009;3,322;5;https://www.immowelt.de/classified-search?distributionTypes=Buy,Buy_Auction,Compulsory_Auction&estateTypes=House,Apartment&locations=AD08DE2170
47279;4010;3,02;5;https://www.immowelt.de/classified-search?distributionTypes=Buy,Buy_Auction,Compulsory_Auction&estateTypes=House,Apartment&locations=AD08DE2113
46539;4013;3,824;5;https://www.immowelt.de/classified-search?distributionTypes=Buy,Buy_Auction,Compulsory_Auction&estateTypes=House,Apartment&locations=AD08DE2166
46487;4018;3,291;5;https://www.immowelt.de/classified-search?distributionTypes=Buy,Buy_Auction,Compulsory_Auction&estateTypes=House,Apartment&locations=AD08DE2176
46399;4023;2,863;5;https://www.immowelt.de/classified-search?distributionTypes=Buy,Buy_Auction,Compulsory_Auction&estateTypes=House,Apartment&locations=AD08DE2281
46325;4028;2,699;5;https://www.immowelt.de/classified-search?distributionTypes=Buy,Buy_Auction,Compulsory_Auction&estateTypes=House,Apartment&locations=AD08DE2282
46286;4029;2,465;5;https://www.immowelt.de/classified-search?distributionTypes=Buy,Buy_Auction,Compulsory_Auction&estateTypes=House,Apartment&locations=AD08DE2310
46242;4030;2,079;5;https://www.immowelt.de/classified-search?distributionTypes=Buy,Buy_Auction,Compulsory_Auction&estateTypes=House,Apartment&locations=AD08DE2277
46149;1414;3,485;5;https://www.immowelt.de/classified-search?distributionTypes=Buy,Buy_Auction,Compulsory_Auction&estateTypes=House,Apartment&locations=AD08DE2118
45968;4031;3,646;5;https://www.immowelt.de/classified-search?distributionTypes=Buy,Buy_Auction,Compulsory_Auction&estateTypes=House,Apartment&locations=AD08DE2311
45899;4032;3,225;5;https://www.immowelt.de/classified-search?distributionTypes=Buy,Buy_Auction,Compulsory_Auction&estateTypes=House,Apartment&locations=AD08DE2278
45772;4034;3,174;5;https://www.immowelt.de/classified-search?distributionTypes=Buy,Buy_Auction,Compulsory_Auction&estateTypes=House,Apartment&locations=AD08DE2314
45711;4038;2,618;5;https://www.immowelt.de/classified-search?distributionTypes=Buy,Buy_Auction,Compulsory_Auction&estateTypes=House,Apartment&locations=AD08DE2309
45701;4039;3,397;5;https://www.immowelt.de/classified-search?distributionTypes=Buy,Buy_Auction,Compulsory_Auction&estateTypes=House,Apartment&locations=AD08DE2313
45665;4040;5,645;5;https://www.immowelt.de/classified-search?distributionTypes=Buy,Buy_Auction,Compulsory_Auction&estateTypes=House,Apartment&locations=AD08DE2316
45529;4042;1,984;5;https://www.immowelt.de/classified-search?distributionTypes=Buy,Buy_Auction,Compulsory_Auction&estateTypes=House,Apartment&locations=AD08DE2433
45359;4044;3,903;5;https://www.immowelt.de/classified-search?distributionTypes=Buy,Buy_Auction,Compulsory_Auction&estateTypes=House,Apartment&locations=AD08DE2114
44894;4045;2,324;5;https://www.immowelt.de/classified-search?distributionTypes=Buy,Buy_Auction,Compulsory_Auction&estateTypes=House,Apartment&locations=AD08DE2425
44653;4046;3,217;5;https://www.immowelt.de/classified-search?distributionTypes=Buy,Buy_Auction,Compulsory_Auction&estateTypes=House,Apartment&locations=AD08DE2429
44581;4047;4,737;5;https://www.immowelt.de/classified-search?distributionTypes=Buy,Buy_Auction,Compulsory_Auction&estateTypes=House,Apartment&locations=AD08DE2308
44388;4049;3,336;5;https://www.immowelt.de/classified-search?distributionTypes=Buy,Buy_Auction,Compulsory_Auction&estateTypes=House,Apartment&locations=AD08DE2426
42929;4050;4,782;5;https://www.immowelt.de/classified-search?distributionTypes=Buy,Buy_Auction,Compulsory_Auction&estateTypes=House,Apartment&locations=AD08DE2257
42899;4051;3,08;5;https://www.immowelt.de/classified-search?distributionTypes=Buy,Buy_Auction,Compulsory_Auction&estateTypes=House,Apartment&locations=AD08DE2119
42719;4054;3,745;5;https://www.immowelt.de/classified-search?distributionTypes=Buy,Buy_Auction,Compulsory_Auction&estateTypes=House,Apartment&locations=AD08DE2120
42555;4056;2,188;5;https://www.immowelt.de/classified-search?distributionTypes=Buy,Buy_Auction,Compulsory_Auction&estateTypes=House,Apartment&locations=AD08DE2146
42399;4059;2,272;5;https://www.immowelt.de/classified-search?distributionTypes=Buy,Buy_Auction,Compulsory_Auction&estateTypes=House,Apartment&locations=AD08DE2121
41812;4063;2,407;5;https://www.immowelt.de/classified-search?distributionTypes=Buy,Buy_Auction,Compulsory_Auction&estateTypes=House,Apartment&locations=AD08DE2227
41751;4064;3,581;5;https://www.immowelt.de/classified-search?distributionTypes=Buy,Buy_Auction,Compulsory_Auction&estateTypes=House,Apartment&locations=AD08DE2163
41564;4066;2,906;5;https://www.immowelt.de/classified-search?distributionTypes=Buy,Buy_Auction,Compulsory_Auction&estateTypes=House,Apartment&locations=AD08DE2151
41542;4067;5,041;5;https://www.immowelt.de/classified-search?distributionTypes=Buy,Buy_Auction,Compulsory_Auction&estateTypes=House,Apartment&locations=AD08DE2148
41517;4068;3,368;5;https://www.immowelt.de/classified-search?distributionTypes=Buy,Buy_Auction,Compulsory_Auction&estateTypes=House,Apartment&locations=AD08DE2149
41472;4069;2,977;5;https://www.immowelt.de/classified-search?distributionTypes=Buy,Buy_Auction,Compulsory_Auction&estateTypes=House,Apartment&locations=AD08DE2154
41334;4075;2,822;5;https://www.immowelt.de/classified-search?distributionTypes=Buy,Buy_Auction,Compulsory_Auction&estateTypes=House,Apartment&locations=AD08DE2159
40885;4077;3,042;5;https://www.immowelt.de/classified-search?distributionTypes=Buy,Buy_Auction,Compulsory_Auction&estateTypes=House,Apartment&locations=AD08DE2145
40822;4078;2,671;5;https://www.immowelt.de/classified-search?distributionTypes=Buy,Buy_Auction,Compulsory_Auction&estateTypes=House,Apartment&locations=AD08DE2143
40789;4079;3,744;5;https://www.immowelt.de/classified-search?distributionTypes=Buy,Buy_Auction,Compulsory_Auction&estateTypes=House,Apartment&locations=AD08DE2144
40764;910;8,5;5;https://www.immowelt.de/classified-search?distributionTypes=Buy,Buy_Auction,Compulsory_Auction&estateTypes=House,Apartment&locations=AD08DE2142
40724;4080;4,729;5;https://www.immowelt.de/classified-search?distributionTypes=Buy,Buy_Auction,Compulsory_Auction&estateTypes=House,Apartment&locations=AD08DE2141
40699;4082;2,531;5;https://www.immowelt.de/classified-search?distributionTypes=Buy,Buy_Auction,Compulsory_Auction&estateTypes=House,Apartment&locations=AD08DE2138
40670;4083;3,155;5;https://www.immowelt.de/classified-search?distributionTypes=Buy,Buy_Auction,Compulsory_Auction&estateTypes=House,Apartment&locations=AD08DE2153
39576;4095;6,297;15;https://www.immowelt.de/classified-search?distributionTypes=Buy,Buy_Auction,Compulsory_Auction&estateTypes=House,Apartment&locations=AD08DE10418
39130;4131;2,591;15;https://www.immowelt.de/classified-search?distributionTypes=Buy,Buy_Auction,Compulsory_Auction&estateTypes=House,Apartment&locations=AD08DE10233
38879;4135;2,635;15;https://www.immowelt.de/classified-search?distributionTypes=Buy,Buy_Auction,Compulsory_Auction&estateTypes=House,Apartment&locations=AD08DE10336
38820;4144;3,753;15;https://www.immowelt.de/classified-search?distributionTypes=Buy,Buy_Auction,Compulsory_Auction&estateTypes=House,Apartment&locations=AD08DE10327
38690;4151;2,71;3;https://www.immowelt.de/classified-search?distributionTypes=Buy,Buy_Auction,Compulsory_Auction&estateTypes=House,Apartment&locations=AD08DE1193
38518;4173;5,076;3;https://www.immowelt.de/classified-search?distributionTypes=Buy,Buy_Auction,Compulsory_Auction&estateTypes=House,Apartment&locations=AD08DE1117
38448;4191;3,177;3;https://www.immowelt.de/classified-search?distributionTypes=Buy,Buy_Auction,Compulsory_Auction&estateTypes=House,Apartment&locations=AD08DE1116
38259;4221;2,642;3;https://www.immowelt.de/classified-search?distributionTypes=Buy,Buy_Auction,Compulsory_Auction&estateTypes=House,Apartment&locations=AD08DE1115
38126;4230;2,974;3;https://www.immowelt.de/classified-search?distributionTypes=Buy,Buy_Auction,Compulsory_Auction&estateTypes=House,Apartment&locations=AD08DE1114
36043;4368;4,539;6;https://www.immowelt.de/classified-search?distributionTypes=Buy,Buy_Auction,Compulsory_Auction&estateTypes=House,Apartment&locations=AD08DE2804
35586;4398;3,804;6;https://www.immowelt.de/classified-search?distributionTypes=Buy,Buy_Auction,Compulsory_Auction&estateTypes=House,Apartment&locations=AD08DE2734
35279;4428;2,603;6;https://www.immowelt.de/classified-search?distributionTypes=Buy,Buy_Auction,Compulsory_Auction&estateTypes=House,Apartment&locations=AD08DE2769
34582;4028;2,699;6;https://www.immowelt.de/classified-search?distributionTypes=Buy,Buy_Auction,Compulsory_Auction&estateTypes=House,Apartment&locations=AD08DE2869
34134;4523;4,224;6;https://www.immowelt.de/classified-search?distributionTypes=Buy,Buy_Auction,Compulsory_Auction&estateTypes=House,Apartment&locations=AD08DE2795
33739;4532;3,541;5;https://www.immowelt.de/classified-search?distributionTypes=Buy,Buy_Auction,Compulsory_Auction&estateTypes=House,Apartment&locations=AD08DE2355
33106;4549;3,98;5;https://www.immowelt.de/classified-search?distributionTypes=Buy,Buy_Auction,Compulsory_Auction&estateTypes=House,Apartment&locations=AD08DE2422
32791;4558;4,011;5;https://www.immowelt.de/classified-search?distributionTypes=Buy,Buy_Auction,Compulsory_Auction&estateTypes=House,Apartment&locations=AD08DE2397
32760;4559;2,218;5;https://www.immowelt.de/classified-search?distributionTypes=Buy,Buy_Auction,Compulsory_Auction&estateTypes=House,Apartment&locations=AD08DE2392
32549;4568;2,632;5;https://www.immowelt.de/classified-search?distributionTypes=Buy,Buy_Auction,Compulsory_Auction&estateTypes=House,Apartment&locations=AD08DE2404
32457;4571;3,144;5;https://www.immowelt.de/classified-search?distributionTypes=Buy,Buy_Auction,Compulsory_Auction&estateTypes=House,Apartment&locations=AD08DE2411
32429;4572;2,754;5;https://www.immowelt.de/classified-search?distributionTypes=Buy,Buy_Auction,Compulsory_Auction&estateTypes=House,Apartment&locations=AD08DE2409
32108;4584;2,304;5;https://www.immowelt.de/classified-search?distributionTypes=Buy,Buy_Auction,Compulsory_Auction&estateTypes=House,Apartment&locations=AD08DE2389
32052;4585;4,631;5;https://www.immowelt.de/classified-search?distributionTypes=Buy,Buy_Auction,Compulsory_Auction&estateTypes=House,Apartment&locations=AD08DE2371
31789;4595;3,527;3;https://www.immowelt.de/classified-search?distributionTypes=Buy,Buy_Auction,Compulsory_Auction&estateTypes=House,Apartment&locations=AD08DE1370
31515;4652;3,007;3;https://www.immowelt.de/classified-search?distributionTypes=Buy,Buy_Auction,Compulsory_Auction&estateTypes=House,Apartment&locations=AD08DE1318
31275;4655;2,254;3;https://www.immowelt.de/classified-search?distributionTypes=Buy,Buy_Auction,Compulsory_Auction&estateTypes=House,Apartment&locations=AD08DE1308
31228;4660;2,558;3;https://www.immowelt.de/classified-search?distributionTypes=Buy,Buy_Auction,Compulsory_Auction&estateTypes=House,Apartment&locations=AD08DE1258
31141;4673;3,642;3;https://www.immowelt.de/classified-search?distributionTypes=Buy,Buy_Auction,Compulsory_Auction&estateTypes=House,Apartment&locations=AD08DE1381
30880;4692;3,642;3;https://www.immowelt.de/classified-search?distributionTypes=Buy,Buy_Auction,Compulsory_Auction&estateTypes=House,Apartment&locations=AD08DE1306
30855;4693;3,833;3;https://www.immowelt.de/classified-search?distributionTypes=Buy,Buy_Auction,Compulsory_Auction&estateTypes=House,Apartment&locations=AD08DE1307
30827;4694;4,338;3;https://www.immowelt.de/classified-search?distributionTypes=Buy,Buy_Auction,Compulsory_Auction&estateTypes=House,Apartment&locations=AD08DE1302
30659;4696;2,554;3;https://www.immowelt.de/classified-search?distributionTypes=Buy,Buy_Auction,Compulsory_Auction&estateTypes=House,Apartment&locations=AD08DE1298
29525;4731;2,696;3;https://www.immowelt.de/classified-search?distributionTypes=Buy,Buy_Auction,Compulsory_Auction&estateTypes=House,Apartment&locations=AD08DE1824
29227;4794;1,814;3;https://www.immowelt.de/classified-search?distributionTypes=Buy,Buy_Auction,Compulsory_Auction&estateTypes=House,Apartment&locations=AD08DE1527
28779;4804;4,124;4;https://www.immowelt.de/classified-search?distributionTypes=Buy,Buy_Auction,Compulsory_Auction&estateTypes=House,Apartment&locations=AD08DE2110
27755;4811;3,297;3;https://www.immowelt.de/classified-search?distributionTypes=Buy,Buy_Auction,Compulsory_Auction&estateTypes=House,Apartment&locations=AD08DE1861
27628;3384;3,069;3;https://www.immowelt.de/classified-search?distributionTypes=Buy,Buy_Auction,Compulsory_Auction&estateTypes=House,Apartment&locations=AD08DE1551
27580;4821;2,161;4;https://www.immowelt.de/classified-search?distributionTypes=Buy,Buy_Auction,Compulsory_Auction&estateTypes=House,Apartment&locations=AD08DE2111
27478;4825;4,513;3;https://www.immowelt.de/classified-search?distributionTypes=Buy,Buy_Auction,Compulsory_Auction&estateTypes=House,Apartment&locations=AD08DE1547
26871;4881;2,929;3;https://www.immowelt.de/classified-search?distributionTypes=Buy,Buy_Auction,Compulsory_Auction&estateTypes=House,Apartment&locations=AD08DE1916
26789;4893;4,417;3;https://www.immowelt.de/classified-search?distributionTypes=Buy,Buy_Auction,Compulsory_Auction&estateTypes=House,Apartment&locations=AD08DE2005
26725;4897;2,905;3;https://www.immowelt.de/classified-search?distributionTypes=Buy,Buy_Auction,Compulsory_Auction&estateTypes=House,Apartment&locations=AD08DE1862
26607;4907;2,614;3;https://www.immowelt.de/classified-search?distributionTypes=Buy,Buy_Auction,Compulsory_Auction&estateTypes=House,Apartment&locations=AD08DE1872
26389;4929;3,425;3;https://www.immowelt.de/classified-search?distributionTypes=Buy,Buy_Auction,Compulsory_Auction&estateTypes=House,Apartment&locations=AD08DE1865
26122;4942;2,628;3;https://www.immowelt.de/classified-search?distributionTypes=Buy,Buy_Auction,Compulsory_Auction&estateTypes=House,Apartment&locations=AD08DE1863
25421;5066;3,379;1;https://www.immowelt.de/classified-search?distributionTypes=Buy,Buy_Auction,Compulsory_Auction&estateTypes=House,Apartment&locations=AD08DE429
25337;5080;2,979;1;https://www.immowelt.de/classified-search?distributionTypes=Buy,Buy_Auction,Compulsory_Auction&estateTypes=House,Apartment&locations=AD08DE425
24944;5100;2,262;1;https://www.immowelt.de/classified-search?distributionTypes=Buy,Buy_Auction,Compulsory_Auction&estateTypes=House,Apartment&locations=AD08DE1
24159;5243;2,801;1;https://www.immowelt.de/classified-search?distributionTypes=Buy,Buy_Auction,Compulsory_Auction&estateTypes=House,Apartment&locations=AD08DE2
23970;5251;2,556;13;https://www.immowelt.de/classified-search?distributionTypes=Buy,Buy_Auction,Compulsory_Auction&estateTypes=House,Apartment&locations=AD08DE9434
23730;4428;2,603;1;https://www.immowelt.de/classified-search?distributionTypes=Buy,Buy_Auction,Compulsory_Auction&estateTypes=House,Apartment&locations=AD08DE420
22851;5338;2,006;1;https://www.immowelt.de/classified-search?distributionTypes=Buy,Buy_Auction,Compulsory_Auction&estateTypes=House,Apartment&locations=AD08DE856
22769;5339;2,559;2;https://www.immowelt.de/classified-search?distributionTypes=Buy,Buy_Auction,Compulsory_Auction&estateTypes=House,Apartment&locations=AD08DE1113
21684;5372;3,11;3;https://www.immowelt.de/classified-search?distributionTypes=Buy,Buy_Auction,Compulsory_Auction&estateTypes=House,Apartment&locations=AD08DE1786
21614;5382;3,005;3;https://www.immowelt.de/classified-search?distributionTypes=Buy,Buy_Auction,Compulsory_Auction&estateTypes=House,Apartment&locations=AD08DE1783
21244;5445;3,228;3;https://www.immowelt.de/classified-search?distributionTypes=Buy,Buy_Auction,Compulsory_Auction&estateTypes=House,Apartment&locations=AD08DE1577
21220;5448;3,412;3;https://www.immowelt.de/classified-search?distributionTypes=Buy,Buy_Auction,Compulsory_Auction&estateTypes=House,Apartment&locations=AD08DE1580
19063;5483;2,006;13;https://www.immowelt.de/classified-search?distributionTypes=Buy,Buy_Auction,Compulsory_Auction&estateTypes=House,Apartment&locations=AD08DE9053
18439;5500;2,02;13;https://www.immowelt.de/classified-search?distributionTypes=Buy,Buy_Auction,Compulsory_Auction&estateTypes=House,Apartment&locations=AD08DE9332
18147;5521;5,499;13;https://www.immowelt.de/classified-search?distributionTypes=Buy,Buy_Auction,Compulsory_Auction&estateTypes=House,Apartment&locations=AD08DE9052
17493;5528;7;13;https://www.immowelt.de/classified-search?distributionTypes=Buy,Buy_Auction,Compulsory_Auction&estateTypes=House,Apartment&locations=AD08DE9519
17036;5589;7,5;13;https://www.immowelt.de/classified-search?distributionTypes=Buy,Buy_Auction,Compulsory_Auction&estateTypes=House,Apartment&locations=AD08DE9057
16227;5631;4,5;12;https://www.immowelt.de/classified-search?distributionTypes=Buy,Buy_Auction,Compulsory_Auction&estateTypes=House,Apartment&locations=AD08DE8641
14612;5707;6;12;https://www.immowelt.de/classified-search?distributionTypes=Buy,Buy_Auction,Compulsory_Auction&estateTypes=House,Apartment&locations=AD08DE8736
14482;5717;6,5;12;https://www.immowelt.de/classified-search?distributionTypes=Buy,Buy_Auction,Compulsory_Auction&estateTypes=House,Apartment&locations=AD08DE8638
12689;5759;10;11;https://www.immowelt.de/classified-search?distributionTypes=Buy,Buy_Auction,Compulsory_Auction&estateTypes=House,Apartment&locations=AD08DE8634
